Workbook

Sheet Pedido 
A1: 1 de Setembro de 2026 - 10:40hs Terca-Feira
A2: Imprime o Pedido
A3: Pedido
A4: Ações Efetuadas no Pedido: 931.237
A5: Data | B5: Hora | C5: Operador | D5: Código | E5: Ação | F5: Visualiza N.F.
A6: 46266 | B6: 0.36597222 | C6: V003 | D6: IV | E6: Iniciou a Venda Interna
A7: Adicionar ações
A9: Dados
A10: Pedido Cliente: 858.424
A11: Pedido Interno 931.237 01/09/2026 V-Pedido de Venda - SA
A12: Cliente: | B12: 14180 RARVEL STORE LTDA
A13: CNPJ: | B13: 38.387.123/0001-08 | C13: I.E. | D13: 636428822110
A14: Endereço: | B14: AVENIDA LEMOS MONTEIRO OLIMPICO
A15: CEP/Cidade/UF: | B15: 09540500 SAO CAETANO DO SUL SP
A16: Vendedor: | B16: S079 - MAURICIO FUJITA
A18: Itens
A19: Seq | B19: Código DZYON | C19: Catalogo | D19: Nome do Produto | E19: ST | F19: Preço
A20: Tabela | B20: %
A21: Descto | B21: %
A22: Descto
A23: ST | B23: Valor
A24: Unitário | B24: %
A25: Negociação | B25: Valor
A26: Negociado | B26: %
A27: Diretoria | B27: Qtd | C27: Valor
A28: Liquido | B28: Valor
A29: Total
A30: 1 | B30: 405507 | C30: 16.03.18.002 | D30: OXIDANTE 20 VOL ITALLIAN COLOR 1L 2022 | E30: AB | F30: 50.09 | G30: 0.3 | H30: 0 | I30: 35.06 | J30: 0 | K30: 35.06 | L30: 0 | M30: 102 | N30: 35.06 | O30: 3576.12
A31: 2 | B31: 405741 | C31: 16.02.17.006 | D31: PO DESCOLORANTE ITALLIAN COLOR POUCH 400G 2026 | E31: AB | F31: 65.38 | G31: 0.3 | H31: 0 | I31: 45.77 | J31: 0 | K31: 45.77 | L31: 0.05 | M31: 102 | N31: 45.77 | O31: 4668.54
A32: 3 | B32: 405619 | C32: 02.05.08.080 | D32: HIDRATACAO INTENSIVA TRIVITT 1KG 2023 | E32: AB | F32: 97.15 | G32: 0.3 | H32: 0 | I32: 68.01 | J32: 0 | K32: 68.01 | L32: 0.05 | M32: 102 | N32: 68.01 | O32: 6937.02
A33: 4 | B33: 405686 | C33: 02.05.08.087 | D33: HIDRATACAO INTENSIVA TRIVITT 500G 2025 | E33: AB | F33: 70.13 | G33: 0.3 | H33: 0 | I33: 49.09 | J33: 0 | K33: 49.09 | L33: 0 | M33: 102 | N33: 49.09 | O33: 5007.18
A34: 5 | B34: 405622 | C34: 02.07.12.078 | D34: FLUIDO P/ ESCOVA TRIVITT 300ML 2023 | E34: AB | F34: 59.57 | G34: 0.3 | H34: 0 | I34: 41.7 | J34: 0 | K34: 41.7 | L34: 0 | M34: 102 | N34: 41.7 | O34: 4253.4
A35: Total Qtd: | B35: 510 | C35: 24442.26
A37: Instruções
A39: Instruções
A42: homeDetalhe do pedido
A43: Senha | B43: Sair

Sheet Campanhas Beauty 
A1: Campanhas | B1: Codigo Produto | C1: Produto | D1: Desconto | E1: Quantidade | F1: Desconto Aplicado | G1: Valor Total
A2: Camp 1 | B2: ----- | C2: Coloração | D2: 500 a 1.000 tubos — 13% 1.000 a 1.500 tubos — 16% 1.500 a 2.300 tubos — 19% 2.300 a 3.500 tubos — 22% Acima de 3.500 tubos — 25% | E2: ='Camp 1 (Coloração)'!D118 -> 0 | F2: ----- | G2: ='Camp 1 (Coloração)'!E118 -> 0
E3: =IFERROR(VLOOKUP(B3,'Pedido '!B:O,12,)," ") | F3: =IFERROR(VLOOKUP(B3,'Pedido '!B:O,11,)," ") | G3: =IFERROR(VLOOKUP(B3,'Pedido '!B:O,14,)," ")
A4: Camp 2 | B4: 405740 | C4: Oxidante 02 vol | D4: 42 a 83 ox - 13% | E4: =IFERROR(VLOOKUP(B4,'Pedido '!B:O,12,)," ") | F4: =IFERROR(VLOOKUP(B4,'Pedido '!B:O,11,)," ") | G4: =IFERROR(VLOOKUP(B4,'Pedido '!B:O,14,)," ")
B5: 405506 | C5: Oxidante 06 vol | D5: 83 a 125 ox - 16% | E5: =IFERROR(VLOOKUP(B5,'Pedido '!B:O,12,)," ") | F5: =IFERROR(VLOOKUP(B5,'Pedido '!B:O,11,)," ") | G5: =IFERROR(VLOOKUP(B5,'Pedido '!B:O,14,)," ")
B6: 405507 | C6: Oxidante 20 vol | D6: 125 a 192 ox - 19% | E6: =IFERROR(VLOOKUP(B6,'Pedido '!B:O,12,)," ") -> 102 | F6: =IFERROR(VLOOKUP(B6,'Pedido '!B:O,11,)," ") -> 0 | G6: =IFERROR(VLOOKUP(B6,'Pedido '!B:O,14,)," ") -> 3576.12
B7: 405508 | C7: Oxidante 30 vol | D7: 192 a 292 ox - 22% | E7: =IFERROR(VLOOKUP(B7,'Pedido '!B:O,12,)," ") | F7: =IFERROR(VLOOKUP(B7,'Pedido '!B:O,11,)," ") | G7: =IFERROR(VLOOKUP(B7,'Pedido '!B:O,14,)," ")
B8: 405509 | C8: Oxidante 40 vol | D8: acima de 292 - 25% | E8: =IFERROR(VLOOKUP(B8,'Pedido '!B:O,12,)," ") | F8: =IFERROR(VLOOKUP(B8,'Pedido '!B:O,11,)," ") | G8: =IFERROR(VLOOKUP(B8,'Pedido '!B:O,14,)," ")
A9: Total | E9: =SUM(E4:E8) -> 102 | F9: ----- | G9: -----
E10: =IFERROR(VLOOKUP(B10,'Pedido '!B:O,12,)," ") | F10: =IFERROR(VLOOKUP(B10,'Pedido '!B:O,11,)," ") | G10: =IFERROR(VLOOKUP(B10,'Pedido '!B:O,14,)," ")
A11: Camp 3 | B11: 405741 | C11: Pó Descolorante Itallian Color 400g Pouch | D11: A partir de 60 un — 10% A partir de 120 un — 12% A partir de 180 un — 15% | E11: =IFERROR(VLOOKUP(B11,'Pedido '!B:O,12,)," ") -> 102 | F11: =IFERROR(VLOOKUP(B11,'Pedido '!B:O,11,)," ") -> 0.05 | G11: =IFERROR(VLOOKUP(B11,'Pedido '!B:O,14,)," ") -> 4668.54
E12: =IFERROR(VLOOKUP(B12,'Pedido '!B:O,12,)," ") | F12: =IFERROR(VLOOKUP(B12,'Pedido '!B:O,11,)," ") | G12: =IFERROR(VLOOKUP(B12,'Pedido '!B:O,14,)," ")
A13: Camp 4 | B13: 405518 | C13: Shampoo 2,5L | D13: 0.2 | E13: =IFERROR(VLOOKUP(B13,'Pedido '!B:O,12,)," ") | F13: =IFERROR(VLOOKUP(B13,'Pedido '!B:O,11,)," ") | G13: =IFERROR(VLOOKUP(B13,'Pedido '!B:O,14,)," ") | H13: mesma qtd
B14: 405519 | C14: Condicionador 2,5L | E14: =IFERROR(VLOOKUP(B14,'Pedido '!B:O,12,)," ") | F14: =IFERROR(VLOOKUP(B14,'Pedido '!B:O,11,)," ") | G14: =IFERROR(VLOOKUP(B14,'Pedido '!B:O,14,)," ")
B15: 405593 | C15: Hidratação 2Kg | E15: =IFERROR(VLOOKUP(B15,'Pedido '!B:O,12,)," ") | F15: =IFERROR(VLOOKUP(B15,'Pedido '!B:O,11,)," ") | G15: =IFERROR(VLOOKUP(B15,'Pedido '!B:O,14,)," ")
E16: =IFERROR(VLOOKUP(B16,'Pedido '!B:O,12,)," ") | F16: =IFERROR(VLOOKUP(B16,'Pedido '!B:O,11,)," ") | G16: =IFERROR(VLOOKUP(B16,'Pedido '!B:O,14,)," ")
A17: Camp 5 | B17: ----- | C17: ----- | D17: Acima de R$ 10.000 — 5% Acima de R$ 20.000 — 8% Acima de R$ 30.000 — 10% | E17: ----- | F17: ----- | G17: ='Camp 5'!E27 -> 9260.58 | L17: 12
E18: =IFERROR(VLOOKUP(B18,'Pedido '!B:O,12,)," ") | F18: =IFERROR(VLOOKUP(B18,'Pedido '!B:O,11,)," ") | G18: =IFERROR(VLOOKUP(B18,'Pedido '!B:O,14,)," ") | K18: 500 | L18: =K18/$L$17 -> 41.666667 | M18: 83 | N18: 0.13
A19: Camp 6 | B19: 405759 | C19: Kit Travel Size Trivitt | D19: ----- | E19: =IFERROR(VLOOKUP(B19,'Pedido '!B:O,12,)," ") | F19: =IFERROR(VLOOKUP(B19,'Pedido '!B:O,11,)," ") | G19: =IFERROR(VLOOKUP(B19,'Pedido '!B:O,14,)," ") | K19: 1001 | L19: =K19/$L$17 -> 83.416667 | M19: 125
K20: 1501 | L20: =K20/$L$17 -> 125.08333 | M20: 192
K21: 2301 | L21: =K21/$L$17 -> 191.75 | M21: 292
A22: Total Campanhas | G22: =SUM(G2:G19) -> 17505.24 | K22: 3501 | L22: =K22/$L$17 -> 291.75
A23: Total Fora Campanhas | G23: ='Produtos Fora de Campanha '!E107 -> 6937.02
A24: Total Pedido | G24: =SUM(G22:G23) -> 24442.26

Sheet Camp 1 (Coloração)
A1: Codigo Produto | B1: Produto | C1: Desconto Aplicado | D1: Quantidade | E1: Valor
A2: 405236 | B2: COLOR COLORATTO RED PEPPER 0.66 60G | C2: =IFERROR(VLOOKUP(A2,'Pedido '!B:O,11,)," ") | D2: =IFERROR(VLOOKUP(A2,'Pedido '!B:O,12,)," ") | E2: =IFERROR(VLOOKUP(A2,'Pedido '!B:O,14,)," ")
A3: 405222 | B3: COLOR COLORATTO LOURO COBRE 7.4 60G | C3: =IFERROR(VLOOKUP(A3,'Pedido '!B:O,11,)," ") | D3: =IFERROR(VLOOKUP(A3,'Pedido '!B:O,12,)," ") | E3: =IFERROR(VLOOKUP(A3,'Pedido '!B:O,14,)," ")
A4: 405223 | B4: COLOR COLORATTO LOURO MARROM 7.7 60G | C4: =IFERROR(VLOOKUP(A4,'Pedido '!B:O,11,)," ") | D4: =IFERROR(VLOOKUP(A4,'Pedido '!B:O,12,)," ") | E4: =IFERROR(VLOOKUP(A4,'Pedido '!B:O,14,)," ")
A5: 405523 | B5: COLORACAO ITALLIAN COLOR 60G - 00S | C5: =IFERROR(VLOOKUP(A5,'Pedido '!B:O,11,)," ") | D5: =IFERROR(VLOOKUP(A5,'Pedido '!B:O,12,)," ") | E5: =IFERROR(VLOOKUP(A5,'Pedido '!B:O,14,)," ")
A6: 405524 | B6: COLORACAO ITALLIAN COLOR 60G - 1.0 | C6: =IFERROR(VLOOKUP(A6,'Pedido '!B:O,11,)," ") | D6: =IFERROR(VLOOKUP(A6,'Pedido '!B:O,12,)," ") | E6: =IFERROR(VLOOKUP(A6,'Pedido '!B:O,14,)," ")
A7: 405533 | B7: COLOR IC PREMIUM CAST ESCURO 3.0 60G 2022 | C7: =IFERROR(VLOOKUP(A7,'Pedido '!B:O,11,)," ") | D7: =IFERROR(VLOOKUP(A7,'Pedido '!B:O,12,)," ") | E7: =IFERROR(VLOOKUP(A7,'Pedido '!B:O,14,)," ")
A8: 405534 | B8: COLOR IC PREMIUM CAST 4.0 60G 2022 | C8: =IFERROR(VLOOKUP(A8,'Pedido '!B:O,11,)," ") | D8: =IFERROR(VLOOKUP(A8,'Pedido '!B:O,12,)," ") | E8: =IFERROR(VLOOKUP(A8,'Pedido '!B:O,14,)," ")
A9: 405537 | B9: COLOR IC PREMIUM CAST CLARO 5.0 60G 2022 | C9: =IFERROR(VLOOKUP(A9,'Pedido '!B:O,11,)," ") | D9: =IFERROR(VLOOKUP(A9,'Pedido '!B:O,12,)," ") | E9: =IFERROR(VLOOKUP(A9,'Pedido '!B:O,14,)," ")
A10: 405548 | B10: COLOR IC PREMIUM LOURO ESC 6.0 60G 2022 | C10: =IFERROR(VLOOKUP(A10,'Pedido '!B:O,11,)," ") | D10: =IFERROR(VLOOKUP(A10,'Pedido '!B:O,12,)," ") | E10: =IFERROR(VLOOKUP(A10,'Pedido '!B:O,14,)," ")
A11: 405561 | B11: COLOR IC PREMIUM LOURO 7.0 60G 2022 | C11: =IFERROR(VLOOKUP(A11,'Pedido '!B:O,11,)," ") | D11: =IFERROR(VLOOKUP(A11,'Pedido '!B:O,12,)," ") | E11: =IFERROR(VLOOKUP(A11,'Pedido '!B:O,14,)," ")
A12: 405574 | B12: COLOR IC PREMIUM LOURO CLARO 8.0 60G 2022 | C12: =IFERROR(VLOOKUP(A12,'Pedido '!B:O,11,)," ") | D12: =IFERROR(VLOOKUP(A12,'Pedido '!B:O,12,)," ") | E12: =IFERROR(VLOOKUP(A12,'Pedido '!B:O,14,)," ")
A13: 405584 | B13: COLOR IC PREMIUM LOURO CLARIS 9.0 60G 2022 | C13: =IFERROR(VLOOKUP(A13,'Pedido '!B:O,11,)," ") | D13: =IFERROR(VLOOKUP(A13,'Pedido '!B:O,12,)," ") | E13: =IFERROR(VLOOKUP(A13,'Pedido '!B:O,14,)," ")
... A117: 405745 | B117: KIT COLOR SHIFT COLLECTION - IC SEM AMONIA | C117: =IFERROR(VLOOKUP(A117,'Pedido '!B:O,11,)," ") | D117: =IFERROR(VLOOKUP(A117,'Pedido '!B:O,12,)," ") | E117: =IFERROR(VLOOKUP(A117,'Pedido '!B:O,14,)," ")
A118: Total | D118: =SUM(D2:D117) -> 0 | E118: =SUM(E2:E117) -> 0

Sheet Camp 5
A1: Codigo Produto | B1: Produto | C1: Desconto Aplicado | D1: Quantidade | E1: Valor
A2: 405686 | B2: Hidratação Intensiva 500g | C2: =IFERROR(VLOOKUP(A2,'Pedido '!B:O,11,)," ") -> 0 | D2: =IFERROR(VLOOKUP(A2,'Pedido '!B:O,12,)," ") -> 102 | E2: =IFERROR(VLOOKUP(A2,'Pedido '!B:O,14,)," ") -> 5007.18
A3: 405622 | B3: Fluido para Escova 300ml | C3: =IFERROR(VLOOKUP(A3,'Pedido '!B:O,11,)," ") -> 0 | D3: =IFERROR(VLOOKUP(A3,'Pedido '!B:O,12,)," ") -> 102 | E3: =IFERROR(VLOOKUP(A3,'Pedido '!B:O,14,)," ") -> 4253.4
A4: 405629 | B4: O Segredo do Cabeleireiro 300ml | C4: =IFERROR(VLOOKUP(A4,'Pedido '!B:O,11,)," ") | D4: =IFERROR(VLOOKUP(A4,'Pedido '!B:O,12,)," ") | E4: =IFERROR(VLOOKUP(A4,'Pedido '!B:O,14,)," ")
A5: 405631 | B5: Trivitt Sun 120ml | C5: =IFERROR(VLOOKUP(A5,'Pedido '!B:O,11,)," ") | D5: =IFERROR(VLOOKUP(A5,'Pedido '!B:O,12,)," ") | E5: =IFERROR(VLOOKUP(A5,'Pedido '!B:O,14,)," ")
A6: 405640 | B6: Power Dose Ácido Hialurônico (Unidade) | C6: =IFERROR(VLOOKUP(A6,'Pedido '!B:O,11,)," ") | D6: =IFERROR(VLOOKUP(A6,'Pedido '!B:O,12,)," ") | E6: =IFERROR(VLOOKUP(A6,'Pedido '!B:O,14,)," ")
A7: 405644 | B7: Kit Home Care Leave-in | C7: =IFERROR(VLOOKUP(A7,'Pedido '!B:O,11,)," ") | D7: =IFERROR(VLOOKUP(A7,'Pedido '!B:O,12,)," ") | E7: =IFERROR(VLOOKUP(A7,'Pedido '!B:O,14,)," ")
A8: 405648 | B8: Kit Home Care Ácido Hialurônico | C8: =IFERROR(VLOOKUP(A8,'Pedido '!B:O,11,)," ") | D8: =IFERROR(VLOOKUP(A8,'Pedido '!B:O,12,)," ") | E8: =IFERROR(VLOOKUP(A8,'Pedido '!B:O,14,)," ")
A9: 405763 | B9: Kit Home Care Uso Diário | C9: =IFERROR(VLOOKUP(A9,'Pedido '!B:O,11,)," ") | D9: =IFERROR(VLOOKUP(A9,'Pedido '!B:O,12,)," ") | E9: =IFERROR(VLOOKUP(A9,'Pedido '!B:O,14,)," ")
A10: 405658 | B10: Fluido para Ondas 200ml | C10: =IFERROR(VLOOKUP(A10,'Pedido '!B:O,11,)," ") | D10: =IFERROR(VLOOKUP(A10,'Pedido '!B:O,12,)," ") | E10: =IFERROR(VLOOKUP(A10,'Pedido '!B:O,14,)," ")
A11: 405665 | B11: Trivitt Glow 110ml | C11: =IFERROR(VLOOKUP(A11,'Pedido '!B:O,11,)," ") | D11: =IFERROR(VLOOKUP(A11,'Pedido '!B:O,12,)," ") | E11: =IFERROR(VLOOKUP(A11,'Pedido '!B:O,14,)," ")
A12: 405671 | B12: Shampoo Nutritivo 1L | C12: =IFERROR(VLOOKUP(A12,'Pedido '!B:O,11,)," ") | D12: =IFERROR(VLOOKUP(A12,'Pedido '!B:O,12,)," ") | E12: =IFERROR(VLOOKUP(A12,'Pedido '!B:O,14,)," ")
A13: 405673 | B13: Nutrição Intensiva 1kg | C13: =IFERROR(VLOOKUP(A13,'Pedido '!B:O,11,)," ") | D13: =IFERROR(VLOOKUP(A13,'Pedido '!B:O,12,)," ") | E13: =IFERROR(VLOOKUP(A13,'Pedido '!B:O,14,)," ")
... A26: 405706 | B26: Spray Brilho Intenso 300ml | C26: =IFERROR(VLOOKUP(A26,'Pedido '!B:O,11,)," ") | D26: =IFERROR(VLOOKUP(A26,'Pedido '!B:O,12,)," ") | E26: =IFERROR(VLOOKUP(A26,'Pedido '!B:O,14,)," ")
A27: Total | E27: =SUM(E2:E26) -> 9260.58

Sheet Produtos Fora de Campanha 
A1: Codigo Produto | B1: Produto | C1: Desconto Aplicado | D1: Quantidade | E1: Valor
A2: 405617 | B2: SHAMPOO POS QUIMICA USO FREQUENTE TRIVITT 250ML 2023 | C2: =IFERROR(VLOOKUP(A2,'Pedido '!B:O,11,)," ") | D2: =IFERROR(VLOOKUP(A2,'Pedido '!B:O,12,)," ") | E2: =IFERROR(VLOOKUP(A2,'Pedido '!B:O,14,)," ")
A3: 405624 | B3: SHAMPOO MATIZANTE TRIVITT 250ML 2023 | C3: =IFERROR(VLOOKUP(A3,'Pedido '!B:O,11,)," ") | D3: =IFERROR(VLOOKUP(A3,'Pedido '!B:O,12,)," ") | E3: =IFERROR(VLOOKUP(A3,'Pedido '!B:O,14,)," ")
A4: 405670 | B4: SHAMPOO NUTRITIVO TRIVITT 250ML 2024 | C4: =IFERROR(VLOOKUP(A4,'Pedido '!B:O,11,)," ") | D4: =IFERROR(VLOOKUP(A4,'Pedido '!B:O,12,)," ") | E4: =IFERROR(VLOOKUP(A4,'Pedido '!B:O,14,)," ")
A5: 405747 | B5: SHAMPOO MATIZANTE TRIVITT 250ML 2026 | C5: =IFERROR(VLOOKUP(A5,'Pedido '!B:O,11,)," ") | D5: =IFERROR(VLOOKUP(A5,'Pedido '!B:O,12,)," ") | E5: =IFERROR(VLOOKUP(A5,'Pedido '!B:O,14,)," ")
A6: 405758 | B6: SHAMPOO USO DIARIO TRIVITT 250ML 2026 | C6: =IFERROR(VLOOKUP(A6,'Pedido '!B:O,11,)," ") | D6: =IFERROR(VLOOKUP(A6,'Pedido '!B:O,12,)," ") | E6: =IFERROR(VLOOKUP(A6,'Pedido '!B:O,14,)," ")
A7: 405760 | B7: SHAMPOO USO DIARIO TRIVITT 50ML 2026 | C7: =IFERROR(VLOOKUP(A7,'Pedido '!B:O,11,)," ") | D7: =IFERROR(VLOOKUP(A7,'Pedido '!B:O,12,)," ") | E7: =IFERROR(VLOOKUP(A7,'Pedido '!B:O,14,)," ")
A8: 405616 | B8: SHAMPOO POS QUIMICA USO FREQUENTE TRIVITT 1L 2023 | C8: =IFERROR(VLOOKUP(A8,'Pedido '!B:O,11,)," ") | D8: =IFERROR(VLOOKUP(A8,'Pedido '!B:O,12,)," ") | E8: =IFERROR(VLOOKUP(A8,'Pedido '!B:O,14,)," ")
A9: 405623 | B9: SHAMPOO MATIZANTE TRIVITT 1L 2023 | C9: =IFERROR(VLOOKUP(A9,'Pedido '!B:O,11,)," ") | D9: =IFERROR(VLOOKUP(A9,'Pedido '!B:O,12,)," ") | E9: =IFERROR(VLOOKUP(A9,'Pedido '!B:O,14,)," ")
A10: 405746 | B10: SHAMPOO MATIZANTE TRIVITT 1L 2026 | C10: =IFERROR(VLOOKUP(A10,'Pedido '!B:O,11,)," ") | D10: =IFERROR(VLOOKUP(A10,'Pedido '!B:O,12,)," ") | E10: =IFERROR(VLOOKUP(A10,'Pedido '!B:O,14,)," ")
A11: 405620 | B11: HIDRATACAO INTENSIVA TRIVITT 200G 2023 | C11: =IFERROR(VLOOKUP(A11,'Pedido '!B:O,11,)," ") | D11: =IFERROR(VLOOKUP(A11,'Pedido '!B:O,12,)," ") | E11: =IFERROR(VLOOKUP(A11,'Pedido '!B:O,14,)," ")
A12: 405627 | B12: HIDRATACAO MATIZANTE TRIVITT 200G 2023 | C12: =IFERROR(VLOOKUP(A12,'Pedido '!B:O,11,)," ") | D12: =IFERROR(VLOOKUP(A12,'Pedido '!B:O,12,)," ") | E12: =IFERROR(VLOOKUP(A12,'Pedido '!B:O,14,)," ")
A13: 405672 | B13: NUTRICAO INTENSIVA TRIVITT 200G 2024 | C13: =IFERROR(VLOOKUP(A13,'Pedido '!B:O,11,)," ") | D13: =IFERROR(VLOOKUP(A13,'Pedido '!B:O,12,)," ") | E13: =IFERROR(VLOOKUP(A13,'Pedido '!B:O,14,)," ")
... A106: 405660 | B106: SACHE ITALLIAN DESCOLORANTE 50G | C106: =IFERROR(VLOOKUP(A106,'Pedido '!B:O,11,)," ") | D106: =IFERROR(VLOOKUP(A106,'Pedido '!B:O,12,)," ") | E106: =IFERROR(VLOOKUP(A106,'Pedido '!B:O,14,)," ")
A107: Total | C107: =SUM(C2:C106) -> 0.05 | E107: =SUM(E2:E106) -> 6937.02
